Name-RIF,Description-RIF,Name-BB,Description-BB,FHIR-Resource-BB,FHIR-Resources-BB,Name-CCLF,Description-CCLF
ACO_ID_NUM,Claim Accountable Care Organization (ACO) Identification Number,,,,,,
,,ADJSTMT_DLTN_CD,Adjustment Deletion Code,EOB,information,,
ADMTG_DGNS_CD,Claim Admitting Diagnosis Code,ADMTG_DGNS_CD,Claim Admitting Diagnosis Code,EOB,diagnosis.diagnosis,ADMTG_DGNS_CD,Admitting Diagnosis Code 
,,ADMTG_DGNS_VRSN_CD,Claim Admitting Diagnosis Code Diagnosis Version Code (ICD-9 or ICD-10),EOB,diagnosis.diagnosis,,
AT_PHYSN_NPI,Claim Attending Physician NPI Number,AT_PHYSN_NPI,Claim Attending Physician NPI Number,EOB,extension,ATNDG_PRVDR_NPI_NUM,Attending Provider NPI Number
AT_PHYSN_SPCLTY_CD,Claim Attending Physician Specialty Code,,,,,,
AT_PHYSN_UPIN,Claim Attending Physician UPIN Number,AT_PHYSN_UPIN,Claim Attending Physician UPIN Number,,,,
,,BENE_BIRTH_DT,Date of Birth,Patient,birthDate,,
,,,,,,BENE_AGE,Beneficiary Age  
BENE_CNTY_CD,County Code from Claim (SSA),BENE_COUNTY_CD,County Code,Patient,address,BENE_FIPS,Beneficiary FIPS  County Code
,,BENE_CRNT_HIC_NUM,Beneficiary Current HIC Number,,,CRNT_HIC_NUM,Current HIC Number 
,,,,,,BENE_HIC_NUM,Beneficiary HIC Number 
,,,,,,BENE_DEATH_DT,Beneficiary Death Date Date beneficiary
,,,,,,BENE_DOB,Beneficiary Date of Birth Beneficiary Sex
,,,,,,BENE_DUAL_STUS_CD,Beneficiary Dual Status Code 
,,,,,,BENE_ENTLMT_BUYIN_IND,Beneficiary Entitlement Buy- in Indicator
,,BENE_ENTLMT_RSN_CURR,Current Reason for Entitlement Code,Coverage,extension,,
,,BENE_ENTLMT_RSN_ORIG,Original Reason for Entitlement Code,Coverage,extension,,
,,BENE_ESRD_IND,ESRD Indicator,Coverage,extension,,
,,,,,,BENE_EQTBL_BIC_HICN_NUM,Beneficiary Equitable BIC HICN Number
,,,,,,BENE_FIPS_STATE_CD,Beneficiary FIPS State Code 
,,BENE_GVN_NAME,Beneficiary Given Name,Patient,name,,
,,,,,,BENE_1ST_NAME,Beneficiary First Name Beneficiary
,,,,,,BENE_LAST_NAME,Beneficiary Last Name Beneficiary
BENE_HOSPC_PRD_CNT,Beneficiary's Hospice Period Count,BENE_HOSPC_PRD_CNT,Beneficiary's Hospice Period Count,,,,
BENE_ID,Encrypted CCW Beneficiary ID,BENE_ID,723 Beneficiary ID,Patient,identifier,,
BENE_LRD_USED_CNT,Beneficiary Medicare Lifetime Reserve Days (LRD) Used Count,BENE_LRD_USED_CNT,Beneficiary LRD Used Count,,,,
,,BENE_MDCR_STATUS_CD,Medicare Status Code,Coverage,extension,BENE_MDCR_STUS_CD,Beneficiary Medicare Status Code
,,BENE_MDL_NAME,Beneficiary Middle Name,Patient,name,BENE_MIDL_NAME,Beneficiary Middle Name Beneficiary Last
BENE_MLG_CNTCT_ZIP_CD,ZIP Code of Residence from Claim,,,,,,
,,,,,,BENE_ORGNL_ENTLMT_RSN_CD,Beneficiary Original Entitlement
,,BENE_PTA_TRMNTN_CD,Part A Termination Code,Coverage,status,,
,,BENE_PTB_TRMNTN_CD,Part B Termination Code,Coverage,status,,
,,,,,,BENE_PTNT_STUS_CD,Beneficiary Patient Status Code
BENE_RACE_CD,Race Code from Claim,BENE_RACE_CD,Beneficiary Race Code,Patient,extension,BENE_RACE_CD,Beneficiary Race Code 
,,,,,,BENE_RNG_BGN_DT,Date beneficiary enrolled in Hospice
,,,,,,BENE_RNG_END_DT,Date beneficiary ended Hospice Beneficiary First
,,,,,,BENE_RRB_NUM,Beneficiary Railroad Board Number
,,BENE_SEX_IDENT_CD,Sex,Patient,gender,BENE_SEX_CD,Beneficiary Sex Code 
,,BENE_SRNM_NAME,Beneficiary Surname Name,Patient,name,,
BENE_STATE_CD,Beneficiary Residence (SSA) State Code,,,,,,
BENE_TOT_COINSRNC_DAYS_CNT,Beneficiary Total Coinsurance Days Count,BENE_TOT_COINSRNC_DAYS_CNT,Beneficiary Total Coinsurance Days Count,EOB,benefitBalance.financial,,
,,BENE_ZIP_CD,Zip Code of Residence,Patient,address,BENE_ZIP_CD,Beneficiary ZIP Code 
BETOS_CD,Line Berenson-Eggers Type of Service (BETOS) Code,BETOS_CD,Line NCH BETOS Code,Item,extension,,
,,BRND_GNRC_CD,The Brand-Generic Code reported by the submitting plan,EOB,information,,
"CARR_CLM_BLG_NPI_NUM 							",Carrier Claim Billing NPI Number,,,,,,
CARR_CLM_CASH_DDCTBL_APLD_AMT,Carrier Claim Cash Deductible Applied Amount (sum of all line-level deductible amounts),CARR_CLM_CASH_DDCTBL_APLD_AMT,Carrier Claim Cash Deductible Applied Amount,EOB,benefitBalance.financial,,
CARR_CLM_ENTRY_CD,Carrier Claim Entry Code,CARR_CLM_ENTRY_CD,Carrier Claim Entry Code,,,,
CARR_CLM_HCPCS_YR_CD,Claim Healthcare Common Procedure Coding System (HCPCS) Year Code,CARR_CLM_HCPCS_YR_CD,Carrier Claim HCPCS Year Code,EOB,information,,
CARR_CLM_PMT_DNL_CD,Carrier Claim Payment Denial Code,CARR_CLM_PMT_DNL_CD,Carrier Claim Payment Denial Code,EOB,extension,CLM_CARR_PMT_DNL_CD,Claim Carrier Payment Denial Code
,,,,,,CLM_NCH_PRMRY_PYR_CD,Claim NCH Primary Payer Code
CARR_CLM_PRMRY_PYR_PD_AMT,NCH Primary Payer (if not Medicare) Claim Paid Amount,CARR_CLM_PRMRY_PYR_PD_AMT,Carrier Claim Primary Payer Paid Amount,,,,
CARR_CLM_PRVDR_ASGNMT_IND_SW,Carrier Claim Provider Assignment Indicator Switch,CARR_CLM_PRVDR_ASGNMT_IND_SW,Carrier Claim Provider Assignment Indicator Switch,EOB,extension,,
CARR_CLM_RFRNG_PIN_NUM,Carrier Claim Referring Provider ID Number (PIN),CARR_CLM_RFRNG_PIN_NUM,Carrier Claim Referring PIN Number,,,,
CARR_CLM_SOS_NPI_NUM,Carrier Claim Site of Service NPI Number,,,,,,
CARR_LINE_ANSTHSA_UNIT_CNT,Carrier Line Anesthesia Unit Count,CARR_LINE_ANSTHSA_UNIT_CNT,Carrier Line Anesthesia Unit Count,,,,
CARR_LINE_CL_CHRG_AMT,Carrier Line Clinical Lab Charge Amount,,,,,,
CARR_LINE_CLIA_LAB_NUM,Clinical Laboratory Improvement Amendments (CLIA) monitored laboratory number,CARR_LINE_CLIA_LAB_NUM,Clinical Laboratory Improvement Amendments monitored laboratory number,Item,extension,,
CARR_LINE_MDPP_NPI_NUM,Carrier Line Medicare Diabetes Prevention Program (MDPP) NPI Number,,,,,,
CARR_LINE_MTUS_CD,Carrier Line Miles/Time/Units/Services (MTUS) Indicator Code,CARR_LINE_MTUS_CD,Carrier Line Miles/Time/Units/Services Indicator Code,Item,extension,,
CARR_LINE_MTUS_CNT,Carrier Line Miles/Time/Units/Services (MTUS) Count ,CARR_LINE_MTUS_CNT,Carrier Line Miles/Time/Units/Services Count,Item,extension,,
CARR_LINE_PRCNG_LCLTY_CD,Carrier Line Pricing Locality Code,CARR_LINE_PRCNG_LCLTY_CD,Carrier Line Pricing Locality Code,Item,location/extension,,
CARR_LINE_PRVDR_TYPE_CD,Carrier Line Provider Type Code,CARR_LINE_PRVDR_TYPE_CD,Carrier Line Provider Type Code,,,,
CARR_LINE_RDCD_PMT_PHYS_ASTN_C,Carrier Line Reduced Payment Physician Assistant Code,CARR_LINE_RDCD_PMT_PHYS_ASTN_C,Carrier Line Reduced Payment Physician Assistant Code,Item,adjudication,,
CARR_LINE_RX_NUM,Carrier Line RX Number,CARR_LINE_RX_NUM,Carrier Line RX Number,,,,
CARR_NUM,Carrier or MAC Number,CARR_NUM,Carrier Number,EOB,extension,,
CARR_PRFRNG_PIN_NUM,Carrier Line Performing Provider ID Number (PIN),CARR_PRFRNG_PIN_NUM,Carrier Line Claim Performing PIN Number,,,,
CLAIM_QUERY_CODE,Claim Query Code,CLAIM_QUERY_CODE,Claim Query Code,EOB,billablePeriod.extension,CLM_QUERY_CD,Claim Query Code 
CLM_ADMSN_DT,Claim Admission Date,CLM_ADMSN_DT,Claim Admission Date,EOB,hospitalization,CLM_ACTV_CARE_FROM_DT,Claim Admission Date 
,,,,,,CLM_ADJSMT_TYPE_CD,Claim Adjustment Type Code
,,,,,,CLM_ADMSN_SRC_CD,Claim Admission Source Code 
CLM_BASE_OPRTG_DRG_AMT,Claim Base Operating DRG Amount ,,,,,,
CLM_BENE_ID_TYPE_CD,Claim Beneficiary Identifier Type Code (For CMS Internal Use),,,,,,
CLM_BENE_PD_AMT,Carrier Claim Beneficiary Paid Amount,,,,,,
,,,,,,CLM_BILL_CLSFCTN_CD,Claim Bill Classification Code
,,,,,,CLM_BILL_FAC_TYPE_CD,Claim Bill Facility Type Code 
,,,,,,CLM_BILL_FREQ_CD,Claim Bill Frequency Code 
CLM_BNDLD_ADJSTMT_PMT_AMT,Claim Bundled Adjustment Payment Amount,,,,,,
CLM_BNDLD_MODEL_1_DSCNT_PCT,Claim Bundled Model 1 Discount Percent,,,,,,
CLM_CARE_IMPRVMT_MODEL_CD1,Claim Care Improvement Model 1 Code (budled payment),,,,,,
CLM_CARE_IMPRVMT_MODEL_CD2,Claim Care Improvement Model 2 Code,,,,,,
CLM_CARE_IMPRVMT_MODEL_CD3,Claim Care Improvement Model 3 Code,,,,,,
CLM_CARE_IMPRVMT_MODEL_CD4,Claim Care Improvement Model 4 Code,,,,,,
CLM_CLNCL_TRIL_NUM,Clinical Trial Number,CLM_CLNCL_TRIL_NUM,Clinical Trial Number,EOB,extension,,
,,,,,,CLM_CNTL_NUM,Claim Control Number 
CLM_DISP_CD,Claim Disposition Code,CLM_DISP_CD,Claim Disposition Code,EOB,disposition,CLM_DISP_CD,Claim Disposition Code 
CLM_DRG_CD,Claim Diagnosis Related Group Code (or MS-DRG Code),CLM_DRG_CD,Claim Diagnosis Related Group Code,EOB,information,,
CLM_DRG_OUTLIER_STAY_CD,Claim Diagnosis Related Group Outlier Stay Code,CLM_DRG_OUTLIER_STAY_CD,Claim Diagnosis Related Group Outlier Stay Code,,,,
CLM_E_POA_IND_SW1,Claim Diagnosis E Code I Diagnosis Present on Admission Indicator Code,CLM_E_POA_IND_SW1,Claim Diagnosis E Code I Diagnosis Present on Admission Indicator Code,EOB,diagnosis.type,CLM_DGNS_1_CD,Claim Diagnosis First Code 
CLM_E_POA_IND_SW10,Claim Diagnosis E Code X Diagnosis Present on Admission Indicator Code,CLM_E_POA_IND_SW10,Claim Diagnosis E Code X Diagnosis Present on Admission Indicator Code,EOB,diagnosis.type,,
CLM_E_POA_IND_SW11,Claim Diagnosis E Code XI Diagnosis Present on Admission Indicator Code,CLM_E_POA_IND_SW11,Claim Diagnosis E Code XI Diagnosis Present on Admission Indicator Code,EOB,diagnosis.type,,
CLM_E_POA_IND_SW12,Claim Diagnosis E Code XII Diagnosis Present on Admission Indicator Code,CLM_E_POA_IND_SW12,Claim Diagnosis E Code XII Diagnosis Present on Admission Indicator Code,EOB,diagnosis.type,,
CLM_E_POA_IND_SW2,Claim Diagnosis E Code II Diagnosis Present on Admission Indicator Code,CLM_E_POA_IND_SW2,Claim Diagnosis E Code II Diagnosis Present on Admission Indicator Code,EOB,diagnosis.type,CLM_DGNS_2_CD,Claim Diagnosis Second Code 
CLM_E_POA_IND_SW3,Claim Diagnosis E Code III Diagnosis Present on Admission Indicator Code,CLM_E_POA_IND_SW3,Claim Diagnosis E Code III Diagnosis Present on Admission Indicator Code,EOB,diagnosis.type,CLM_DGNS_3_CD,Claim Diagnosis Third Code 
CLM_E_POA_IND_SW4,Claim Diagnosis E Code IV Diagnosis Present on Admission Indicator Code,CLM_E_POA_IND_SW4,Claim Diagnosis E Code IV Diagnosis Present on Admission Indicator Code,EOB,diagnosis.type,CLM_DGNS_4_CD,Claim Diagnosis Fourth Code 
CLM_E_POA_IND_SW5,Claim Diagnosis E Code V Diagnosis Present on Admission Indicator Code,CLM_E_POA_IND_SW5,Claim Diagnosis E Code V Diagnosis Present on Admission Indicator Code,EOB,diagnosis.type,CLM_DGNS_5_CD,Claim Diagnosis Fifth Code 
CLM_E_POA_IND_SW6,Claim Diagnosis E Code VI Diagnosis Present on Admission Indicator Code,CLM_E_POA_IND_SW6,Claim Diagnosis E Code VI Diagnosis Present on Admission Indicator Code,EOB,diagnosis.type,CLM_DGNS_6_CD,Claim Diagnosis Sixth Code 
CLM_E_POA_IND_SW7,Claim Diagnosis E Code VII Diagnosis Present on Admission Indicator Code,CLM_E_POA_IND_SW7,Claim Diagnosis E Code VII Diagnosis Present on Admission Indicator Code,EOB,diagnosis.type,CLM_DGNS_7_CD,Claim Diagnosis Seventh Code 
CLM_E_POA_IND_SW8,Claim Diagnosis E Code VIII Diagnosis Present on Admission Indicator Code,CLM_E_POA_IND_SW8,Claim Diagnosis E Code VIII Diagnosis Present on Admission Indicator Code,EOB,diagnosis.type,CLM_DGNS_8_CD,Claim Diagnosis Eighth Code 
CLM_E_POA_IND_SW9,Claim Diagnosis E Code IX Diagnosis Present on Admission Indicator Code,CLM_E_POA_IND_SW9,Claim Diagnosis E Code IX Diagnosis Present on Admission Indicator Code,EOB,diagnosis.type,CLM_DGNS_CD,Diagnosis Code  
,,,,,,CLM_EFCTV_DT,Claim Effective Date 
CLM_FAC_TYPE_CD,Claim Facility Type Code,CLM_FAC_TYPE_CD,Claim Facility Type Code,EOB,facility/extension,,
,,,,,,CLM_FED_TYPE_SRVC_CD,Claim Federal Type Service Code
CLM_FREQ_CD,Claim Frequency Code,CLM_FREQ_CD,Claim Frequency Code,EOB,information,,
CLM_FROM_DT,Claim From Date,CLM_FROM_DT,Claim From Date,EOB,billablePeriod.start,CLM_FROM_DT,Claim From Date  
CLM_FULL_STD_PYMT_AMT,Claim Full Standard Payment Amount,,,,,,
,,CLM_GRP_ID,Claim Group ID,EOB,identifier,,
CLM_HHA_LUPA_IND_CD,Claim HHA Low Utilization Payment Adjustment (LUPA) Indicator Code,CLM_HHA_LUPA_IND_CD,Claim HHA Low Utilization Payment Adjustment (LUPA) Indicator Code,EOB,information,,
CLM_HHA_RFRL_CD,Claim HHA Referral Code,CLM_HHA_RFRL_CD,Claim HHA Referral Code,EOB,information,,
CLM_HHA_TOT_VISIT_CNT,Claim HHA Total Visit Count,CLM_HHA_TOT_VISIT_CNT,Claim HHA Total Visit Count,EOB,information,,
CLM_HOSPC_START_DT_ID,Claim Hospice Start Date,CLM_HOSPC_START_DT_ID,Claim Hospice Start Date,EOB,hospitalization,,
CLM_HRR_ADJSTMT_PCT,Claim HRR Adjustment Percent,,,,,,
CLM_HRR_ADJSTMT_PMT_AMT,Claim Hospital Readmission Reduction (HRR) Adjustment Payment Amount,,,,,,
CLM_HRR_PRTCPNT_IND_CD,Claim Hospital Readmission Rdctn (HRR) Participant Indicator Code,,,,,,
CLM_ID,Claim ID,CLM_ID,Claim ID,EOB,identifier,,
,,,,,,CLM_IDR_LD_DT,Claim IDR Load Date
CLM_IP_ADMSN_TYPE_CD,Claim Inpatient Admission Type Code,CLM_IP_ADMSN_TYPE_CD,Claim Inpatient Admission Type Code,EOB,information,CLM_ADMSN_TYPE_CD,Claim Admission Type Code 
CLM_IP_LOW_VOL_PMT_AMT,Claim Inpatient Low Volume Payment Amount ,,,,,,
CLM_LINE_NUM,Claim Line Number,CLM_LINE_NUM,Claim Line Number,Item,sequence,,
CLM_MCO_PD_SW,Claim MCO Paid Switch,CLM_MCO_PD_SW,Claim MCO Paid Switch,EOB,information,,
CLM_MDCL_REC,Claim Medical Record Number,,,,,,
CLM_MDCR_NON_PMT_RSN_CD,Claim Medicare Non Payment Reason Code,CLM_MDCR_NON_PMT_RSN_CD,Claim Medicare Non Payment Reason Code,EOB,extension,,
CLM_MODEL_4_READMSN_IND_CD,Claim Model 4 Readmission Indicator Code,,,,,,
CLM_NEXT_GNRTN_ACO_IND_CD1,Claim Next Generation (NG) Accountable Care Organization (ACO) Indicator Code - Population based payments (PBP),,,,,CLM_NGACO_PBPMT_SW,PBP Benefit Enhancement Indicator
,,,,,,CLM_LINE_NGACO_PBPMT_SW,PBP Benefit Enhancement Indicator
,,,,,,CLM_NGACO_CPTATN_SW,AIPBP Benefit Enhancement Indicator
,,,,,,CLM_LINE_NGACO_CPTATN_SW,AIPBP Benefit Enhancement Indicator
,,,,,,CLM_PBP_INCLSN_AMT,PBP/AIPBP Inclusion Amount
,,,,,,CLM_PBP_RDCTN_AMT,PBP/AIPBP Reduction Amount
CLM_NEXT_GNRTN_ACO_IND_CD2,Claim Next Generation (NG) Accountable Care Organization (ACO) Indicator Code - Telehealth,,,,,CLM_NGACO_TLHLTH_SW,Telehealth Benefit Enhancement Indicator
,,,,,,CLM_LINE_NGACO_TLHLTH_SW,Telehealth Benefit Enhancement Indicator
CLM_NEXT_GNRTN_ACO_IND_CD3,Claim Next Generation (NG) Accountable Care Organization (ACO) Indicator Code - Post Discharge HH visits,,,,,CLM_NGACO_PDSCHRG_HCBS_SW,Post Discharge Home Visit Benefit Enhancement Indicator
,,,,,,CLM_LINE_NGACO_PDSCHRG_HCBS_SW,Post Discharge Home Visit Benefit Enhancement Indicator
CLM_NEXT_GNRTN_ACO_IND_CD4,Claim Next Generation (NG) Accountable Care Organization (ACO) Indicator Code - 3 day SNF waiver,,,,,CLM_NGACO_SNF_WVR_SW,SNF 3-Day Waiver Benefit Enhancement Indicator
,,,,,,CLM_LINE_NGACO_SNF_WVR_SW,SNF 3-Day Waiver Benefit Enhancement Indicator
CLM_NEXT_GNRTN_ACO_IND_CD5,Claim Next Generation (NG) Accountable Care Organization (ACO) Indicator Code - Capitation,,,,,,
CLM_NON_UTLZTN_DAYS_CNT,Claim Medicare Non Utilization Days Count,CLM_NON_UTLZTN_DAYS_CNT,Claim Non Utilization Days Count,EOB,benefitBalance.financial,,
CLM_OP_BENE_PMT_AMT,Claim Outpatient Payment Amount to Beneficiary,CLM_OP_BENE_PMT_AMT,Claim Outpatient Beneficiary Payment Amount,EOB,benefitBalance.financial,,
CLM_OP_ESRD_MTHD_CD,Claim Outpatient End Stage Renal Disease (ESRD) Method of Reimbursement Code,,,,,,
CLM_OP_PRVDR_PMT_AMT,Claim Outpatient Provider Payment Amount,CLM_OP_PRVDR_PMT_AMT,Claim Outpatient Provider Payment Amount,EOB,benefitBalance.financial,,
CLM_OP_TRANS_TYPE_CD,Claim Outpatient transaction type,,,,,CLM_OP_SRVC_TYPE_CD,Claim Outpatient Service Type Code
CLM_PASS_THRU_PER_DIEM_AMT,Claim Pass Thru Per Diem Amount,CLM_PASS_THRU_PER_DIEM_AMT,Claim Pass Thru Per Diem Amt,EOB,benefitBalance.financial,,
CLM_PMT_AMT,Claim (Medicare) Payment Amount,CLM_PMT_AMT,Claim Payment Amount,EOB,payment.amount,CLM_PMT_AMT,Claim Payment Amount Claim NCH
CLM_POA_IND_SW1,Claim Diagnosis Code I Diagnosis Present on Admission (POA) Indicator Code,CLM_POA_IND_SW1,Claim Diagnosis Code I Diagnosis Present on Admission Indicator Code,EOB,diagnosis.type,CLM_POA_IND,Claim Present- on-Admission Indicator
CLM_POA_IND_SW10,Claim Diagnosis Code X Diagnosis Present on Admission Indicator Code,CLM_POA_IND_SW10,Claim Diagnosis Code X Diagnosis Present on Admission Indicator Code,EOB,diagnosis.type,,
CLM_POA_IND_SW11,Claim Diagnosis Code XI Diagnosis Present on Admission Indicator Code,CLM_POA_IND_SW11,Claim Diagnosis Code XI Diagnosis Present on Admission Indicator Code,EOB,diagnosis.type,,
CLM_POA_IND_SW12,Claim Diagnosis Code XII Diagnosis Present on Admission Indicator Code,CLM_POA_IND_SW12,Claim Diagnosis Code XII Diagnosis Present on Admission Indicator Code,EOB,diagnosis.type,,
CLM_POA_IND_SW13,Claim Diagnosis Code XIII Diagnosis Present on Admission Indicator Code,CLM_POA_IND_SW13,Claim Diagnosis Code XIII Diagnosis Present on Admission Indicator Code,EOB,diagnosis.type,,
CLM_POA_IND_SW14,Claim Diagnosis Code XIV Diagnosis Present on Admission Indicator Code,CLM_POA_IND_SW14,Claim Diagnosis Code XIV Diagnosis Present on Admission Indicator Code,EOB,diagnosis.type,,
CLM_POA_IND_SW15,Claim Diagnosis Code XV Diagnosis Present on Admission Indicator Code,CLM_POA_IND_SW15,Claim Diagnosis Code XV Diagnosis Present on Admission Indicator Code,EOB,diagnosis.type,,
CLM_POA_IND_SW16,Claim Diagnosis Code XVI Diagnosis Present on Admission Indicator Code,CLM_POA_IND_SW16,Claim Diagnosis Code XVI Diagnosis Present on Admission Indicator Code,EOB,diagnosis.type,,
CLM_POA_IND_SW17,Claim Diagnosis Code XVII Diagnosis Present on Admission Indicator Code,CLM_POA_IND_SW17,Claim Diagnosis Code XVII Diagnosis Present on Admission Indicator Code,EOB,diagnosis.type,,
CLM_POA_IND_SW18,Claim Diagnosis Code XVIII Diagnosis Present on Admission Indicator Code,CLM_POA_IND_SW18,Claim Diagnosis Code XVIII Diagnosis Present on Admission Indicator Code,EOB,diagnosis.type,,
CLM_POA_IND_SW19,Claim Diagnosis Code XIX Diagnosis Present on Admission Indicator Code,CLM_POA_IND_SW19,Claim Diagnosis Code XIX Diagnosis Present on Admission Indicator Code,EOB,diagnosis.type,,
CLM_POA_IND_SW2,Claim Diagnosis Code II Diagnosis Present on Admission (POA) Indicator Code,CLM_POA_IND_SW2,Claim Diagnosis Code II Diagnosis Present on Admission Indicator Code,EOB,diagnosis.type,,
CLM_POA_IND_SW20,Claim Diagnosis Code XX Diagnosis Present on Admission Indicator Code,CLM_POA_IND_SW20,Claim Diagnosis Code XX Diagnosis Present on Admission Indicator Code,EOB,diagnosis.type,,
CLM_POA_IND_SW21,Claim Diagnosis Code XXI Diagnosis Present on Admission Indicator Code,CLM_POA_IND_SW21,Claim Diagnosis Code XXI Diagnosis Present on Admission Indicator Code,EOB,diagnosis.type,,
CLM_POA_IND_SW22,Claim Diagnosis Code XXII Diagnosis Present on Admission Indicator Code,CLM_POA_IND_SW22,Claim Diagnosis Code XXII Diagnosis Present on Admission Indicator Code,EOB,diagnosis.type,,
CLM_POA_IND_SW23,Claim Diagnosis Code XXIII Diagnosis Present on Admission Indicator Code,CLM_POA_IND_SW23,Claim Diagnosis Code XXIII Diagnosis Present on Admission Indicator Code,,diagnosis.type,,
CLM_POA_IND_SW24,Claim Diagnosis Code XXIV Diagnosis Present on Admission Indicator Code,CLM_POA_IND_SW24,Claim Diagnosis Code XXIV Diagnosis Present on Admission Indicator Code,,diagnosis.type,,
CLM_POA_IND_SW25,Claim Diagnosis Code XXV Diagnosis Present on Admission Indicator Code,CLM_POA_IND_SW25,Claim Diagnosis Code XXV Diagnosis Present on Admission Indicator Code,,diagnosis.type,,
CLM_POA_IND_SW3,Claim Diagnosis Code III Diagnosis Present on Admission (POA) Indicator Code,CLM_POA_IND_SW3,Claim Diagnosis Code III Diagnosis Present on Admission Indicator Code,EOB,diagnosis.type,,
CLM_POA_IND_SW4,Claim Diagnosis Code IV Diagnosis Present on Admission (POA) Indicator Code,CLM_POA_IND_SW4,Claim Diagnosis Code IV Diagnosis Present on Admission Indicator Code,EOB,diagnosis.type,,
CLM_POA_IND_SW5,Claim Diagnosis Code V Diagnosis Present on Admission (POA) Indicator Code,CLM_POA_IND_SW5,Claim Diagnosis Code V Diagnosis Present on Admission Indicator Code,EOB,diagnosis.type,,
CLM_POA_IND_SW6,Claim Diagnosis Code VI Diagnosis Present on Admission Indicator Code,CLM_POA_IND_SW6,Claim Diagnosis Code VI Diagnosis Present on Admission Indicator Code,EOB,diagnosis.type,,
CLM_POA_IND_SW7,Claim Diagnosis Code VII Diagnosis Present on Admission Indicator Code,CLM_POA_IND_SW7,Claim Diagnosis Code VII Diagnosis Present on Admission Indicator Code,EOB,diagnosis.type,,
CLM_POA_IND_SW8,Claim Diagnosis Code VIII Diagnosis Present on Admission Indicator Code,CLM_POA_IND_SW8,Claim Diagnosis Code VIII Diagnosis Present on Admission Indicator Code,EOB,diagnosis.type,,
CLM_POA_IND_SW9,Claim Diagnosis Code IX Diagnosis Present on Admission Indicator Code,CLM_POA_IND_SW9,Claim Diagnosis Code IX Diagnosis Present on Admission Indicator Code,EOB,diagnosis.type,,
CLM_PPS_CPTL_DRG_WT_NUM,Claim PPS Capital DRG Weight Number,CLM_PPS_CPTL_DRG_WT_NUM,Claim PPS Capital DRG Weight Number,,,,
CLM_PPS_CPTL_DSPRPRTNT_SHR_AMT,Claim PPS Capital Disproportionate Share (DSH) Amount,CLM_PPS_CPTL_DSPRPRTNT_SHR_AMT,Claim PPS Capital Disproportionate Share Amt,EOB,benefitBalance.financial,,
CLM_PPS_CPTL_EXCPTN_AMT,Claim PPS Capital Exception Amount,CLM_PPS_CPTL_EXCPTN_AMT,Claim PPS Capital Exception Amount,EOB,benefitBalance.financial,,
CLM_PPS_CPTL_FSP_AMT,Claim PPS Capital Federal Specific Portion (FSP) Amount,CLM_PPS_CPTL_FSP_AMT,Claim PPS Capital FSP Amt,EOB,benefitBalance.financial,,
CLM_PPS_CPTL_IME_AMT,Claim PPS Capital Indirect Medical Education (IME) Amount,CLM_PPS_CPTL_IME_AMT,Claim PPS Capital IME Amt,EOB,benefitBalance.financial,,
CLM_PPS_CPTL_OUTLIER_AMT,Claim PPS Capital Outlier Amount,CLM_PPS_CPTL_OUTLIER_AMT,Claim PPS Capital Outlier Amount,EOB,benefitBalance.financial,,
CLM_PPS_IND_CD,Claim PPS Indicator Code,CLM_PPS_IND_CD,Claim PPS Indicator Code,,,,
CLM_PPS_OLD_CPTL_HLD_HRMLS_AMT,Claim PPS Old Capital Hold Harmless Amount,CLM_PPS_OLD_CPTL_HLD_HRMLS_AMT,Claim PPS Old Capital Hold Harmless Amount,EOB,benefitBalance.financial,,
CLM_PRCR_RTRN_CD,Claim Pricer Return Code,,,,,,
CLM_RLT_COND_CD,Claim Related Condition Code,,,,,,
CLM_RLT_OCRNC_CD,Claim Related Occurrence Code,,,,,,
CLM_RLT_OCRNC_DT,Claim Related Occurrence Date,,,,,,
CLM_SITE_NTRL_PYMT_CST_AMT,Claim Site Neutral Payment Based on Cost Amount,,,,,,
CLM_SITE_NTRL_PYMT_IPPS_AMT,Claim Site Neutral Payment Based on inpatient prospective payment system (IPPS) Amounts,,,,,,
CLM_SPAN_CD,Claim Occurrence Span Code,,,,,,
CLM_SPAN_FROM_DT,Claim Occurrence Span From Date,,,,,,
CLM_SPAN_THRU_DT,Claim Occurrence Span Through Date,,,,,CLM_LINE_THRU_DT,Claim Line Thru Date 
CLM_SRC_IP_ADMSN_CD,Claim Source Inpatient Admission Code,CLM_SRC_IP_ADMSN_CD,Claim Source Inpatient Admission Code,EOB,information,,
CLM_SRVC_CLSFCTN_TYPE_CD,Claim Service classification Type Code,CLM_SRVC_CLSFCTN_TYPE_CD,Claim Service classification Type Code,EOB,extension,,
CLM_SRVC_FAC_ZIP_CD,Claim service facility ZIP code (where service was provided),,,,,,
CLM_SS_OUTLIER_STD_PYMT_AMT,Claim Short Stay Outlier (SSO) Standard Payment Amount,,,,,,
CLM_THRU_DT,Claim Through Date,CLM_THRU_DT,Claim Through Date  (Determines Year of Claim),EOB,billablePeriod.end,CLM_THRU_DT,Claim Thru Date  
CLM_TOT_CHRG_AMT,Claim Total Charge Amount,CLM_TOT_CHRG_AMT,Claim Total Charge Amount,EOB,totalCost,,
CLM_TOT_PPS_CPTL_AMT,Claim Total PPS Capital Amount,CLM_TOT_PPS_CPTL_AMT,Claim Total PPS Capital Amt,EOB,benefitBalance.financial,,
CLM_TRTMT_AUTHRZTN_NUM,Claim Treatment Authorization Number,,,,,,
CLM_UNCOMPD_CARE_PMT_AMT,Claim Uncompensated Care Payment Amount,,,,,,
CLM_UTLZTN_DAY_CNT,Claim Medicare Utilization Day Count,CLM_UTLZTN_DAY_CNT,Claim Utilization Day Count,EOB,benefitBalance.financial,,
CLM_VAL_AMT,Claim Value Amount,,,,,,
CLM_VAL_CD,Claim Value Code,,,,,,
CLM_VBP_ADJSTMT_PCT,Claim VBP Adjustment Percent,,,,,,
CLM_VBP_ADJSTMT_PMT_AMT,Claim Value Based Purchasing Adjustment Payment Amount,,,,,,
CLM_VBP_PRTCPNT_IND_CD,Claim Value-Based Purchasing (VBP) Participant Indicator Code,,,,,,
,,CMPND_CD,Compound Code,Item,detail.type,,
CPO_ORG_NPI_NUM,CPO Organization NPI Number,,,,,,
CPO_PRVDR_NUM,Care Plan Oversight (CPO) Provider Number,,,,,,
,,CTSTRPHC_CVRG_CD,Catastrophic Coverage Code,EOB,information,,
,,CVRD_D_PLAN_PD_AMT,Covered D Plan Paid Amount (CPP),Item,adjudication,,
,,DAW_PROD_SLCTN_CD,Dispense as Written (DAW) Product Selection Code,EOB,information,CLM_DAW_PROD_SLCTN_CD,Claim Dispense as Written (DAW) Product Selection Code
,,,,,,CLM_DSPNSNG_STUS_CD,Claim Dispensing Status Code
,,DAYS_SUPLY_NUM,Days Supply,Item,modifier,,
DEMO_ID_NUM,Demonstration number,,,,,CLM_DEMO_1ST_NUM,First Program Demonstration Number
,,,,,,CLM_DEMO_2ND_NUM,Second Program Demonstration Number
,,,,,,CLM_DEMO_3RD_NUM,Third Program Demonstration Number
,,,,,,CLM_DEMO_4TH_NUM,Fourth Program Demonstration Number
,,,,,,CLM_DEMO_5TH_NUM,Fifth Program Demonstration Number
DEMO_ID_SQNC_NUM,Demonstration sequence number,,,,,,
DEMO_INFO_TXT,Demo information text,,,,,,
,,,,,,DGNS_DRG_CD,Diagnosis Related Group Code
DMERC_LINE_MTUS_CD,DMERC Line Miles/Time/ Units/Services (MTUS) Indicator Code,DMERC_LINE_MTUS_CD,DMERC Line Miles/Time/ Units/Services Indicator Code,Item,extension,,
DMERC_LINE_MTUS_CNT,DMERC Line Miles/Time/Units/Services (MTUS) Count ,DMERC_LINE_MTUS_CNT,DMERC Line Miles/Time/Units/Services Count,Item,extension,,
DMERC_LINE_PRCNG_STATE_CD,DMERC Line Pricing State Code (SSA),DMERC_LINE_PRCNG_STATE_CD,DMERC Line Pricing State Code,Item,extension,,
DMERC_LINE_SCRN_SVGS_AMT,DMERC Line Screen Savings Amount,DMERC_LINE_SCRN_SVGS_AMT,DMERC Line Screen Savings Amount,Item,extension,,
DMERC_LINE_SUPPLR_TYPE_CD,DMERC Line Supplier Type Code,DMERC_LINE_SUPPLR_TYPE_CD,DMERC Line Supplier Type Code,Item,extension,,
,,DML_IND,ETL metadata: INSERT or UPDATE,,,,
DOB_DT,Date of Birth from Claim ,,,,,,
,,DRUG_CVRG_STUS_CD,Drug Coverage Status Code,EOB,information,,
DSH_OP_CLM_VAL_AMT,Operating Disproportionate Share Amount,DSH_OP_CLM_VAL_AMT,Operating Disproportionate Share Amount,,,,
,,DSPNSNG_STUS_CD,Dispensing Status Code,EOB,information,,
EHR_PGM_RDCTN_IND_SW,Claim Electronic Health Records (EHR) Program Reduction Indicator Switch,,,,,,
EHR_PYMT_ADJSTMT_AMT,Claim Electronic Health Record (EHR) Payment Adjustment Amount,,,,,,
FI_CLM_ACTN_CD,FI or MAC Claim Action Code,,,,,,
FI_CLM_PROC_DT,FI Claim Process Date,FI_CLM_PROC_DT,FI Claim Process Date,,,,
FI_NUM,FI or MAC Number,FI_NUM,FI Number,,,,
,,FILL_NUM,Fill Number,,,,
,,FINAL_ACTION,Final Action (F/N), , ,,
FINL_STD_AMT,Claim Final Standard Payment Amount,,,,,,
FST_DGNS_E_CD,First Claim Diagnosis E Code,FST_DGNS_E_CD,First Claim Diagnosis E Code,EOB,diagnosis.diagnosis,,
,,FST_DGNS_E_VRSN_CD,First Claim Diagnosis E Code Diagnosis Version Code (ICD-9 or ICD-10),EOB,diagnosis.diagnosis,,
,,GDC_ABV_OOPT_AMT,Gross Drug Cost Above Out-of-Pocket Threshold (GDCA),Item,adjudication,,
,,GDC_BLW_OOPT_AMT,Gross Drug Cost Below Out-of-Pocket Threshold (GDCB),Item,adjudication,,
GNDR_CD,Gender Code from Claim,,,,,,
HAC_PGM_RDCTN_IND_SW,Claim Hospital Acquired Condition (HAC) Program Reduction Indicator Switch,,,,,,
HCPCS_1ST_MDFR_CD,HCPCS Initial Modifier Code,HCPCS_1ST_MDFR_CD,Revenue Center HCPCS Initial Modifier Code,Item,modifer,HCPCS_1_MDFR_CD,HCPCS First Modifier Code 
HCPCS_2ND_MDFR_CD,HCPCS Second Modifier Code,HCPCS_2ND_MDFR_CD,Revenue Center HCPCS Second Modifier Code,Item,modifier,HCPCS_2_MDFR_CD,HCPCS Second Modifier Code 
HCPCS_3RD_MDFR_CD,HCPCS Third Modifier Code ,HCPCS_3RD_MDFR_CD,DMERC Line HCPCS Third Modifier Code,Item,modifer,HCPCS_3_MDFR_CD,HCPCS Third Modifier Code 
HCPCS_4th_MDFR_CD,HCPCS Fourth Modifier Code,HCPCS_4TH_MDFR_CD,DMERC Line HCPCS Fourth Modifier Code,Item,modifier,HCPCS_4_MDFR_CD,HCPCS Fourth Modifier Code 
,,,,,,HCPCS_5_MDFR_CD,HCPCS Fifth Modifier Code 
HCPCS_CD,HCFA Common Procedure Coding System (HCPCS) Code,HCPCS_CD,Revenue Center Healthcare Common Procedure Coding System,Item,service,CLM_LINE_HCPCS_CD,HCPCS Code  
HPSA_SCRCTY_IND_CD,Carrier Line Health Professional Shortage Area (HPSA) / Scarcity Indicator Code,HPSA_SCRCTY_IND_CD,Carrier Line HPSA/Scarcity Indicator Code,,,,
ICD_DGNS_CD1,Claim Diagnosis Code I,ICD_DGNS_CD1,Claim Diagnosis Code I,EOB,diagnosis.diagnosis,,
ICD_DGNS_CD10,Claim Diagnosis Code X,ICD_DGNS_CD10,Claim Diagnosis Code X,EOB,diagnosis.diagnosis,,
ICD_DGNS_CD11,Claim Diagnosis Code XI,ICD_DGNS_CD11,Claim Diagnosis Code XI,EOB,diagnosis.diagnosis,,
ICD_DGNS_CD12,Claim Diagnosis Code XII,ICD_DGNS_CD12,Claim Diagnosis Code XII,EOB,diagnosis.diagnosis,,
ICD_DGNS_CD13,Claim Diagnosis Code XIII,ICD_DGNS_CD13,Claim Diagnosis Code XIII,EOB,diagnosis.diagnosis,,
ICD_DGNS_CD14,Claim Diagnosis Code XIV,ICD_DGNS_CD14,Claim Diagnosis Code XIV,EOB,diagnosis.diagnosis,,
ICD_DGNS_CD15,Claim Diagnosis Code XV,ICD_DGNS_CD15,Claim Diagnosis Code XV,EOB,diagnosis.diagnosis,,
ICD_DGNS_CD16,Claim Diagnosis Code XVI,ICD_DGNS_CD16,Claim Diagnosis Code XVI,EOB,diagnosis.diagnosis,,
ICD_DGNS_CD17,Claim Diagnosis Code XVII,ICD_DGNS_CD17,Claim Diagnosis Code XVII,EOB,diagnosis.diagnosis,,
ICD_DGNS_CD18,Claim Diagnosis Code XVIII,ICD_DGNS_CD18,Claim Diagnosis Code XVIII,EOB,diagnosis.diagnosis,,
ICD_DGNS_CD19,Claim Diagnosis Code XIX,ICD_DGNS_CD19,Claim Diagnosis Code XIX,EOB,diagnosis.diagnosis,,
ICD_DGNS_CD2,Claim Diagnosis Code II,ICD_DGNS_CD2,Claim Diagnosis Code II,EOB,diagnosis.diagnosis,,
ICD_DGNS_CD20,Claim Diagnosis Code XX,ICD_DGNS_CD20,Claim Diagnosis Code XX,EOB,diagnosis.diagnosis,,
ICD_DGNS_CD21,Claim Diagnosis Code XXI,ICD_DGNS_CD21,Claim Diagnosis Code XXI,EOB,diagnosis.diagnosis,,
ICD_DGNS_CD22,Claim Diagnosis Code XXII,ICD_DGNS_CD22,Claim Diagnosis Code XXII,EOB,diagnosis.diagnosis,,
ICD_DGNS_CD23,Claim Diagnosis Code XXIII,ICD_DGNS_CD23,Claim Diagnosis Code XXIII,EOB,diagnosis.diagnosis,,
ICD_DGNS_CD24,Claim Diagnosis Code XXIV,ICD_DGNS_CD24,Claim Diagnosis Code XXIV,EOB,diagnosis.diagnosis,,
ICD_DGNS_CD25,Claim Diagnosis Code XXV,ICD_DGNS_CD25,Claim Diagnosis Code XXV,EOB,diagnosis.diagnosis,,
ICD_DGNS_CD3,Claim Diagnosis Code III,ICD_DGNS_CD3,Claim Diagnosis Code III,EOB,diagnosis.diagnosis,,
ICD_DGNS_CD4,Claim Diagnosis Code IV,ICD_DGNS_CD4,Claim Diagnosis Code IV,EOB,diagnosis.diagnosis,,
ICD_DGNS_CD5,Claim Diagnosis Code V,ICD_DGNS_CD5,Claim Diagnosis Code V,EOB,diagnosis.diagnosis,,
ICD_DGNS_CD6,Claim Diagnosis Code VI,ICD_DGNS_CD6,Claim Diagnosis Code VI,EOB,diagnosis.diagnosis,,
ICD_DGNS_CD7,Claim Diagnosis Code VII,ICD_DGNS_CD7,Claim Diagnosis Code VII,EOB,diagnosis.diagnosis,,
ICD_DGNS_CD8,Claim Diagnosis Code VIII,ICD_DGNS_CD8,Claim Diagnosis Code VIII,EOB,diagnosis.diagnosis,,
ICD_DGNS_CD9,Claim Diagnosis Code IX,ICD_DGNS_CD9,Claim Diagnosis Code IX,EOB,diagnosis.diagnosis,,
ICD_DGNS_E_CD1,Claim Diagnosis E Code I,ICD_DGNS_E_CD1,Claim Diagnosis E Code I,EOB,diagnosis.diagnosis,,
ICD_DGNS_E_CD10,Claim Diagnosis E Code X,ICD_DGNS_E_CD10,Claim Diagnosis E Code X,EOB,diagnosis.diagnosis,,
ICD_DGNS_E_CD11,Claim Diagnosis E Code XI,ICD_DGNS_E_CD11,Claim Diagnosis E Code XI,EOB,diagnosis.diagnosis,,
ICD_DGNS_E_CD12,Claim Diagnosis E Code XII,ICD_DGNS_E_CD12,Claim Diagnosis E Code XII,EOB,diagnosis.diagnosis,,
ICD_DGNS_E_CD2,Claim Diagnosis E Code II,ICD_DGNS_E_CD2,Claim Diagnosis E Code II,EOB,diagnosis.diagnosis,,
ICD_DGNS_E_CD3,Claim Diagnosis E Code III,ICD_DGNS_E_CD3,Claim Diagnosis E Code III,EOB,diagnosis.diagnosis,,
ICD_DGNS_E_CD4,Claim Diagnosis E Code IV,ICD_DGNS_E_CD4,Claim Diagnosis E Code IV,EOB,diagnosis.diagnosis,,
ICD_DGNS_E_CD5,Claim Diagnosis E Code V,ICD_DGNS_E_CD5,Claim Diagnosis E Code V,EOB,diagnosis.diagnosis,,
ICD_DGNS_E_CD6,Claim Diagnosis E Code VI,ICD_DGNS_E_CD6,Claim Diagnosis E Code VI,EOB,diagnosis.diagnosis,,
ICD_DGNS_E_CD7,Claim Diagnosis E Code VII,ICD_DGNS_E_CD7,Claim Diagnosis E Code VII,EOB,diagnosis.diagnosis,,
ICD_DGNS_E_CD8,Claim Diagnosis E Code VIII,ICD_DGNS_E_CD8,Claim Diagnosis E Code VIII,EOB,diagnosis.diagnosis,,
ICD_DGNS_E_CD9,Claim Diagnosis E Code IX,ICD_DGNS_E_CD9,Claim Diagnosis E Code IX,EOB,diagnosis.diagnosis,,
,,ICD_DGNS_E_VRSN_CD1,Claim Diagnosis E Code I Diagnosis Version Code (ICD-9 or ICD-10),EOB,diagnosis.diagnosis,,
,,ICD_DGNS_E_VRSN_CD10,Claim Diagnosis E Code X Diagnosis Version Code (ICD-9 or ICD-10),EOB,diagnosis.diagnosis,,
,,ICD_DGNS_E_VRSN_CD11,Claim Diagnosis E Code XI Diagnosis Version Code (ICD-9 or ICD-10),EOB,diagnosis.diagnosis,,
,,ICD_DGNS_E_VRSN_CD12,Claim Diagnosis E Code XII Diagnosis Version Code (ICD-9 or ICD-10),EOB,diagnosis.diagnosis,,
,,ICD_DGNS_E_VRSN_CD2,Claim Diagnosis E Code II Diagnosis Version Code (ICD-9 or ICD-10),EOB,diagnosis.diagnosis,,
,,ICD_DGNS_E_VRSN_CD3,Claim Diagnosis E Code III Diagnosis Version Code (ICD-9 or ICD-10),EOB,diagnosis.diagnosis,,
,,ICD_DGNS_E_VRSN_CD4,Claim Diagnosis E Code IV Diagnosis Version Code (ICD-9 or ICD-10),EOB,diagnosis.diagnosis,,
,,ICD_DGNS_E_VRSN_CD5,Claim Diagnosis E Code V Diagnosis Version Code (ICD-9 or ICD-10),EOB,diagnosis.diagnosis,,
,,ICD_DGNS_E_VRSN_CD6,Claim Diagnosis E Code VI Diagnosis Version Code (ICD-9 or ICD-10),EOB,diagnosis.diagnosis,,
,,ICD_DGNS_E_VRSN_CD7,Claim Diagnosis E Code VII Diagnosis Version Code (ICD-9 or ICD-10),EOB,diagnosis.diagnosis,,
,,ICD_DGNS_E_VRSN_CD8,Claim Diagnosis E Code VIII Diagnosis Version Code (ICD-9 or ICD-10),EOB,diagnosis.diagnosis,,
,,ICD_DGNS_E_VRSN_CD9,Claim Diagnosis E Code IX Diagnosis Version Code (ICD-9 or ICD-10),EOB,diagnosis.diagnosis,,
ICD_DGNS_VRSN_CD1,Claim Diagnosis Code I Diagnosis Version Code (ICD-9 or ICD-10),ICD_DGNS_VRSN_CD1,Claim Diagnosis Code I Diagnosis Version Code (ICD-9 or ICD-10),EOB,diagnosis.diagnosis,DGNS_PRCDR_ICD_IN,ICD Version Indicator 
ICD_DGNS_VRSN_CD10,Claim Diagnosis Code X Diagnosis Version Code (ICD-9 or ICD-10),ICD_DGNS_VRSN_CD10,Claim Diagnosis Code X Diagnosis Version Code (ICD-9 or ICD-10),EOB,diagnosis.diagnosis,DGNS_PRCDR_ICD_IND,ICD Version Indicator 
ICD_DGNS_VRSN_CD11,Claim Diagnosis Code XI Diagnosis Version Code (ICD-9 or ICD-10),ICD_DGNS_VRSN_CD11,Claim Diagnosis Code XI Diagnosis Version Code (ICD-9 or ICD-10),EOB,diagnosis.diagnosis,,
ICD_DGNS_VRSN_CD12,Claim Diagnosis Code XII Diagnosis Version Code (ICD-9 or ICD-10),ICD_DGNS_VRSN_CD12,Claim Diagnosis Code XII Diagnosis Version Code (ICD-9 or ICD-10),EOB,diagnosis.diagnosis,,
,,ICD_DGNS_VRSN_CD13,Claim Diagnosis Code XIII Diagnosis Version Code (ICD-9 or ICD-10),EOB,diagnosis.diagnosis,,
,,ICD_DGNS_VRSN_CD14,Claim Diagnosis Code XIV Diagnosis Version Code (ICD-9 or ICD-10),EOB,diagnosis.diagnosis,,
,,ICD_DGNS_VRSN_CD15,Claim Diagnosis Code XV Diagnosis Version Code (ICD-9 or ICD-10),EOB,diagnosis.diagnosis,,
,,ICD_DGNS_VRSN_CD16,Claim Diagnosis Code XVI Diagnosis Version Code (ICD-9 or ICD-10),EOB,diagnosis.diagnosis,,
,,ICD_DGNS_VRSN_CD17,Claim Diagnosis Code XVII Diagnosis Version Code (ICD-9 or ICD-10),EOB,diagnosis.diagnosis,,
,,ICD_DGNS_VRSN_CD18,Claim Diagnosis Code XVIII Diagnosis Version Code (ICD-9 or ICD-10),EOB,diagnosis.diagnosis,,
,,ICD_DGNS_VRSN_CD19,Claim Diagnosis Code XIX Diagnosis Version Code (ICD-9 or ICD-10),EOB,diagnosis.diagnosis,,
ICD_DGNS_VRSN_CD2,Claim Diagnosis Code II Diagnosis Version Code (ICD-9 or ICD-10),ICD_DGNS_VRSN_CD2,Claim Diagnosis Code II Diagnosis Version Code (ICD-9 or ICD-10),EOB,diagnosis.diagnosis,,
,,ICD_DGNS_VRSN_CD20,Claim Diagnosis Code XX Diagnosis Version Code (ICD-9 or ICD-10),EOB,diagnosis.diagnosis,,
,,ICD_DGNS_VRSN_CD21,Claim Diagnosis Code XXI Diagnosis Version Code (ICD-9 or ICD-10),EOB,diagnosis.diagnosis,,
,,ICD_DGNS_VRSN_CD22,Claim Diagnosis Code XXII Diagnosis Version Code (ICD-9 or ICD-10),EOB,diagnosis.diagnosis,,
,,ICD_DGNS_VRSN_CD23,Claim Diagnosis Code XXIII Diagnosis Version Code (ICD-9 or ICD-10),EOB,diagnosis.diagnosis,,
,,ICD_DGNS_VRSN_CD24,Claim Diagnosis Code XXIV Diagnosis Version Code (ICD-9 or ICD-10),EOB,diagnosis.diagnosis,,
,,ICD_DGNS_VRSN_CD25,Claim Diagnosis Code XXV Diagnosis Version Code (ICD-9 or ICD-10),EOB,diagnosis.diagnosis,,
ICD_DGNS_VRSN_CD3,Claim Diagnosis Code III Diagnosis Version Code (ICD-9 or ICD-10),ICD_DGNS_VRSN_CD3,Claim Diagnosis Code III Diagnosis Version Code (ICD-9 or ICD-10),EOB,diagnosis.diagnosis,,
ICD_DGNS_VRSN_CD4,Claim Diagnosis Code IV Diagnosis Version Code (ICD-9 or ICD-10),ICD_DGNS_VRSN_CD4,Claim Diagnosis Code IV Diagnosis Version Code (ICD-9 or ICD-10),EOB,diagnosis.diagnosis,,
ICD_DGNS_VRSN_CD5,Claim Diagnosis Code V Diagnosis Version Code (ICD-9 or ICD-10),ICD_DGNS_VRSN_CD5,Claim Diagnosis Code V Diagnosis Version Code (ICD-9 or ICD-10),EOB,diagnosis.diagnosis,,
ICD_DGNS_VRSN_CD6,Claim Diagnosis Code VI Diagnosis Version Code (ICD-9 or ICD-10),ICD_DGNS_VRSN_CD6,Claim Diagnosis Code VI Diagnosis Version Code (ICD-9 or ICD-10),EOB,diagnosis.diagnosis,,
ICD_DGNS_VRSN_CD7,Claim Diagnosis Code VII Diagnosis Version Code (ICD-9 or ICD-10),ICD_DGNS_VRSN_CD7,Claim Diagnosis Code VII Diagnosis Version Code (ICD-9 or ICD-10),EOB,diagnosis.diagnosis,,
ICD_DGNS_VRSN_CD8,Claim Diagnosis Code VIII Diagnosis Version Code (ICD-9 or ICD-10),ICD_DGNS_VRSN_CD8,Claim Diagnosis Code VIII Diagnosis Version Code (ICD-9 or ICD-10),EOB,diagnosis.diagnosis,,
ICD_DGNS_VRSN_CD9,Claim Diagnosis Code IX Diagnosis Version Code (ICD-9 or ICD-10),ICD_DGNS_VRSN_CD9,Claim Diagnosis Code IX Diagnosis Version Code (ICD-9 or ICD-10),EOB,diagnosis.diagnosis,,
ICD_PRCDR_CD1,Claim Procedure Code I,ICD_PRCDR_CD1,Claim Procedure Code I,EOB,procedure.procedure,,
ICD_PRCDR_CD10,Claim Procedure Code X,ICD_PRCDR_CD10,Claim Procedure Code X,EOB,procedure.procedure,,
ICD_PRCDR_CD11,Claim Procedure Code XI,ICD_PRCDR_CD11,Claim Procedure Code XI,EOB,procedure.procedure,,
ICD_PRCDR_CD12,Claim Procedure Code XII,ICD_PRCDR_CD12,Claim Procedure Code XII,EOB,procedure.procedure,,
ICD_PRCDR_CD13,Claim Procedure Code XIII,ICD_PRCDR_CD13,Claim Procedure Code XIII,EOB,procedure.procedure,,
ICD_PRCDR_CD14,Claim Procedure Code XIV,ICD_PRCDR_CD14,Claim Procedure Code XIV,EOB,procedure.procedure,,
ICD_PRCDR_CD15,Claim Procedure Code XV,ICD_PRCDR_CD15,Claim Procedure Code XV,EOB,procedure.procedure,,
ICD_PRCDR_CD16,Claim Procedure Code XVI,ICD_PRCDR_CD16,Claim Procedure Code XVI,EOB,procedure.procedure,,
ICD_PRCDR_CD17,Claim Procedure Code XVII,ICD_PRCDR_CD17,Claim Procedure Code XVII,EOB,procedure.procedure,,
ICD_PRCDR_CD18,Claim Procedure Code XVIII,ICD_PRCDR_CD18,Claim Procedure Code XVIII,EOB,procedure.procedure,,
ICD_PRCDR_CD19,Claim Procedure Code XIX,ICD_PRCDR_CD19,Claim Procedure Code XIX,EOB,procedure.procedure,,
ICD_PRCDR_CD2,Claim Procedure Code II,ICD_PRCDR_CD2,Claim Procedure Code II,EOB,procedure.procedure,,
ICD_PRCDR_CD20,Claim Procedure Code XX,ICD_PRCDR_CD20,Claim Procedure Code XX,EOB,procedure.procedure,,
ICD_PRCDR_CD21,Claim Procedure Code XXI,ICD_PRCDR_CD21,Claim Procedure Code XXI,EOB,procedure.procedure,,
ICD_PRCDR_CD22,Claim Procedure Code XXII,ICD_PRCDR_CD22,Claim Procedure Code XXII,EOB,procedure.procedure,,
ICD_PRCDR_CD23,Claim Procedure Code XXIII,ICD_PRCDR_CD23,Claim Procedure Code XXIII,EOB,procedure.procedure,,
ICD_PRCDR_CD24,Claim Procedure Code XXIV,ICD_PRCDR_CD24,Claim Procedure Code XXIV,EOB,procedure.procedure,,
ICD_PRCDR_CD25,Claim Procedure Code XXV,ICD_PRCDR_CD25,Claim Procedure Code XXV,EOB,procedure.procedure,,
ICD_PRCDR_CD3,Claim Procedure Code III,ICD_PRCDR_CD3,Claim Procedure Code III,EOB,procedure.procedure,,
ICD_PRCDR_CD4,Claim Procedure Code IV,ICD_PRCDR_CD4,Claim Procedure Code IV,EOB,procedure.procedure,,
ICD_PRCDR_CD5,Claim Procedure Code V,ICD_PRCDR_CD5,Claim Procedure Code V,EOB,procedure.procedure,,
ICD_PRCDR_CD6,Claim Procedure Code VI,ICD_PRCDR_CD6,Claim Procedure Code VI,EOB,procedure.procedure,,
ICD_PRCDR_CD7,Claim Procedure Code VII,ICD_PRCDR_CD7,Claim Procedure Code VII,EOB,procedure.procedure,,
ICD_PRCDR_CD8,Claim Procedure Code VIII,ICD_PRCDR_CD8,Claim Procedure Code VIII,EOB,procedure.procedure,,
ICD_PRCDR_CD9,Claim Procedure Code IX,ICD_PRCDR_CD9,Claim Procedure Code IX,EOB,procedure.procedure,,
,,ICD_PRCDR_VRSN_CD1,Claim Procedure Code I Claim Procedure Version Code (ICD-9 or ICD-10),EOB,procedure.procedure,,
,,ICD_PRCDR_VRSN_CD10,Claim Procedure Code X Claim Procedure Version Code (ICD-9 or ICD-10),EOB,procedure.procedure,,
,,ICD_PRCDR_VRSN_CD11,Claim Procedure Code XI Claim Procedure Version Code (ICD-9 or ICD-10),EOB,procedure.procedure,,
,,ICD_PRCDR_VRSN_CD12,Claim Procedure Code XII Claim Procedure Version Code (ICD-9 or ICD-10),EOB,procedure.procedure,,
,,ICD_PRCDR_VRSN_CD13,Claim Procedure Code XIII Claim Procedure Version Code (ICD-9 or ICD-10),EOB,procedure.procedure,,
,,ICD_PRCDR_VRSN_CD14,Claim Procedure Code XIV Claim Procedure Version Code (ICD-9 or ICD-10),EOB,procedure.procedure,,
,,ICD_PRCDR_VRSN_CD15,Claim Procedure Code XV Claim Procedure Version Code (ICD-9 or ICD-10),EOB,procedure.procedure,,
,,ICD_PRCDR_VRSN_CD16,Claim Procedure Code XVI Claim Procedure Version Code (ICD-9 or ICD-10),EOB,procedure.procedure,,
,,ICD_PRCDR_VRSN_CD17,Claim Procedure Code XVII Claim Procedure Version Code (ICD-9 or ICD-10),EOB,procedure.procedure,,
,,ICD_PRCDR_VRSN_CD18,Claim Procedure Code XVIII Claim Procedure Version Code (ICD-9 or ICD-10),EOB,procedure.procedure,,
,,ICD_PRCDR_VRSN_CD19,Claim Procedure Code XIX Claim Procedure Version Code (ICD-9 or ICD-10),EOB,procedure.procedure,,
,,ICD_PRCDR_VRSN_CD2,Claim Procedure Code II Claim Procedure Version Code (ICD-9 or ICD-10),EOB,procedure.procedure,,
,,ICD_PRCDR_VRSN_CD20,Claim Procedure Code XX Claim Procedure Version Code (ICD-9 or ICD-10),EOB,procedure.procedure,,
,,ICD_PRCDR_VRSN_CD21,Claim Procedure Code XXI Claim Procedure Version Code (ICD-9 or ICD-10),EOB,procedure.procedure,,
,,ICD_PRCDR_VRSN_CD22,Claim Procedure Code XXII Claim Procedure Version Code (ICD-9 or ICD-10),EOB,procedure.procedure,,
,,ICD_PRCDR_VRSN_CD23,Claim Procedure Code XXIII Claim Procedure Version Code (ICD-9 or ICD-10),EOB,procedure.procedure,,
,,ICD_PRCDR_VRSN_CD24,Claim Procedure Code XXIV Claim Procedure Version Code (ICD-9 or ICD-10),EOB,procedure.procedure,,
,,ICD_PRCDR_VRSN_CD25,Claim Procedure Code XXV Claim Procedure Version Code (ICD-9 or ICD-10),EOB,procedure.procedure,,
,,ICD_PRCDR_VRSN_CD3,Claim Procedure Code III Claim Procedure Version Code (ICD-9 or ICD-10),EOB,procedure.procedure,,
,,ICD_PRCDR_VRSN_CD4,Claim Procedure Code IV Claim Procedure Version Code (ICD-9 or ICD-10),EOB,procedure.procedure,,
,,ICD_PRCDR_VRSN_CD5,Claim Procedure Code V Claim Procedure Version Code (ICD-9 or ICD-10),EOB,procedure.procedure,,
,,ICD_PRCDR_VRSN_CD6,Claim Procedure Code VI Claim Procedure Version Code (ICD-9 or ICD-10),EOB,procedure.procedure,,
,,ICD_PRCDR_VRSN_CD7,Claim Procedure Code VII Claim Procedure Version Code (ICD-9 or ICD-10),EOB,procedure.procedure,,
,,ICD_PRCDR_VRSN_CD8,Claim Procedure Code VIII Claim Procedure Version Code (ICD-9 or ICD-10),EOB,procedure.procedure,,
,,ICD_PRCDR_VRSN_CD9,Claim Procedure Code IX Claim Procedure Version Code (ICD-9 or ICD-10),EOB,procedure.procedure,,
IME_OP_CLM_VAL_AMT,Operating Indirect Medical Education (IME) Amount,IME_OP_CLM_VAL_AMT,Operating Indirect Medical Education (IME) Amount,,,,
,,LICS_AMT,Low Income Cost Sharing Subsidy Amount (LICS),Item,adjudication,,
LINE_1ST_EXPNS_DT,Line First Expense Date,LINE_1ST_EXPNS_DT,Line First Expense Date,Item,serviced,CLM_LINE_FROM_DT,Claim Line From Date 
LINE_ALOWD_CHRG_AMT,Line Allowed Charge Amount,LINE_ALOWD_CHRG_AMT,Line Allowed Charge Amount,Item,adjudication,CLM_LINE_ALOWD_CHRG_AMT,Claim Line Allowed Charges Amount
LINE_BENE_PMT_AMT,Line Payment Amount to Beneficiary,LINE_BENE_PMT_AMT,Line Beneficiary Payment Amount,Item,adjudication,CLM_LINE_BENE_PMT_AMT,Claim Line Beneficiary Payment Amount
LINE_BENE_PRMRY_PYR_CD,Line Primary Payer Code (if not Medicare),LINE_BENE_PRMRY_PYR_CD,Line Beneficiary Primary Payer Code,Item,extension,CLM_LINE_PRMRY_PYR_CD,Claim Primary Payer Code 
LINE_BENE_PRMRY_PYR_PD_AMT,Line Primary Payer (if not Medicare) Paid Amount,LINE_BENE_PRMRY_PYR_PD_AMT,Line Beneficiary Primary Payer Paid Amount,Item,adjudication,,
LINE_BENE_PTB_DDCTBL_AMT,Line Beneficiary Part B Deductible Amount,LINE_BENE_PTB_DDCTBL_AMT,Line Beneficiary Part B Deductible Amount,Item,adjudication,,
LINE_CMS_TYPE_SRVC_CD,Line CMS Type Service Code,LINE_CMS_TYPE_SRVC_CD,Line HCFA Type Service Code,Item,category,,
LINE_COINSRNC_AMT,Line Beneficiary Coinsurance Amount,LINE_COINSRNC_AMT,Line Coinsurance Amount,Item,adjudication,,
,,,,,,CLM_LINE_CVRD_PD_AMT,Claim Line Covered Paid Amount
LINE_DME_PRCHS_PRICE_AMT,Line DME Purchase Price Amount,LINE_DME_PRCHS_PRICE_AMT,Line DME Purchase Price Amount,Item,adjudication,,
LINE_HCT_HGB_RSLT_NUM,Hematocrit / Hemoglobin Test Results,LINE_HCT_HGB_RSLT_NUM,Hematocrit/Hemoglobin Test Results,Observation,value,,
LINE_HCT_HGB_TYPE_CD,Hematocrit / Hemoglobin Test Type Code,LINE_HCT_HGB_TYPE_CD,Hematocrit/Hemoglobin Test Type code,Observation,code,,
LINE_ICD_DGNS_CD,Line Diagnosis Code,LINE_ICD_DGNS_CD,Line Diagnosis Code Code,Item,diagnosisLinkId,CLM_LINE_DGNS_CD,Diagnosis Code  
LINE_ICD_DGNS_VRSN_CD,Line Diagnosis Code Diagnosis Version Code (ICD-9 or ICD-10),LINE_ICD_DGNS_VRSN_CD,Line Diagnosis Code Diagnosis Version Code (ICD-9 or ICD-10),Item,diagnosisLinkId,,
LINE_LAST_EXPNS_DT,Line Last Expense Date,LINE_LAST_EXPNS_DT,Line Last Expense Date,Item,serviced,,
LINE_NCH_PMT_AMT,Line NCH Medicare Payment Amount,LINE_NCH_PMT_AMT,Line NCH Payment Amount,Item,adjudication,,
LINE_NDC_CD,Line National Drug Code (NDC),LINE_NDC_CD,Line National Drug Code,Item,extension,CLM_LINE_NDC_CD,NDC Code  Claim Type
LINE_NUM,Claim Line Number,LINE_NUM,Claim Line Number,Item,sequence,CLM_LINE_NUM,Claim Line Number Beneficiary HIC
LINE_OTHR_APLD_AMT1,Line Other Applied Amount for 1st Code,,,,,,
LINE_OTHR_APLD_AMT2,Line Other Applied Amount for 2nd Code,,,,,,
LINE_OTHR_APLD_AMT3,Line Other Applied Amount for 3rd Code,,,,,,
LINE_OTHR_APLD_AMT4,Line Other Applied Amount for 4th Code,,,,,,
LINE_OTHR_APLD_AMT5,Line Other Applied Amount for 5th Code,,,,,,
LINE_OTHR_APLD_AMT6,Line Other Applied Amount for 6th Code,,,,,,
LINE_OTHR_APLD_AMT7,Line Other Applied Amount for 7th Code,,,,,,
LINE_OTHR_APLD_IND_CD1,Line Other Applied Indicator 1st Code ,,,,,,
LINE_OTHR_APLD_IND_CD2,Line Other Applied Indicator 2nd Code,,,,,,
LINE_OTHR_APLD_IND_CD3,Line Other Applied Indicator 3rd Code,,,,,,
LINE_OTHR_APLD_IND_CD4,Line Other Applied Indicator 4th Code,,,,,,
LINE_OTHR_APLD_IND_CD5,Line Other Applied Indicator 5th Code,,,,,,
LINE_OTHR_APLD_IND_CD6,Line Other Applied Indicator 6th Code,,,,,,
LINE_OTHR_APLD_IND_CD7,Line Other Applied Indicator 7th Code,,,,,,
LINE_PLACE_OF_SRVC_CD,Line Place of Service Code,LINE_PLACE_OF_SRVC_CD,Line Place Of Service Code,Item,location,,
LINE_PMT_80_100_CD,Line Payment 80% / 100% Code,LINE_PMT_80_100_CD,Line Payment 80%/100% Code,Item,extension,,
LINE_PRCSG_IND_CD,Line Processing Indicator Code,LINE_PRCSG_IND_CD,Line Processing Indicator Code,Item,extension,,
LINE_PRMRY_ALOWD_CHRG_AMT,Line Primary Payer Allowed Charge Amount,LINE_PRMRY_ALOWD_CHRG_AMT,Line Primary Payer Allowed Charge Amount,Item,adjudication,,
LINE_PRVDR_PMT_AMT,Line Provider Payment Amount,LINE_PRVDR_PMT_AMT,Line Provider Payment Amount,Item,adjudication,,
LINE_SBMTD_CHRG_AMT,Line Submitted Charge Amount,LINE_SBMTD_CHRG_AMT,Line Submitted Charge Amount,Item,adjudication,,
LINE_SERVICE_DEDUCTIBLE,Line Service Deductible Indicator Switch,LINE_SERVICE_DEDUCTIBLE,Line Service Deductible Indicator Switch,Item,extension,,
LINE_SRVC_CNT,Line Service Count,LINE_SRVC_CNT,Line Service Count,,,,
NCH_ACTV_OR_CVRD_LVL_CARE_THRU,NCH Active or Covered Level Care Thru Date,NCH_ACTV_OR_CVRD_LVL_CARE_THRU,NCH Active or Covered Level Care Thru Date,EOB,information,,
NCH_BENE_BLOOD_DDCTBL_LBLTY_AM,NCH Beneficiary Blood Deductible Liability Amount,NCH_BENE_BLOOD_DDCTBL_LBLTY_AM,NCH Beneficiary Blood Deductible Liability Amount,EOB,benefitBalance.financial,,
NCH_BENE_DSCHRG_DT,NCH Beneficiary Discharge Date,NCH_BENE_DSCHRG_DT,NCH Beneficiary Discharge Date,EOB,hospitalization,,
NCH_BENE_IP_DDCTBL_AMT,NCH Beneficiary Inpatient (or other Part A) Deductible Amount,NCH_BENE_IP_DDCTBL_AMT,NCH Beneficiary Inpatient Deductible Amount,EOB,benefitBalance.financial,,
NCH_BENE_MDCR_BNFTS_EXHTD_DT_I,NCH Beneficiary Medicare Benefits Exhausted Date,NCH_BENE_MDCR_BNFTS_EXHTD_DT_I,NCH Beneficiary Medicare Benefits Exhausted Date,EOB,information,,
NCH_BENE_PTA_COINSRNC_LBLTY_AM,NCH Beneficiary Part A Coinsurance Liability Amount,NCH_BENE_PTA_COINSRNC_LBLTY_AM,NCH Beneficiary Part A Coinsurance Liability Amount,EOB,benefitBalance.financial,,
NCH_BENE_PTB_COINSRNC_AMT,NCH Beneficiary Part B Coinsurance Amount,NCH_BENE_PTB_COINSRNC_AMT,NCH Beneficiary Part B Coinsurance Amount,EOB,benefitBalance.financial,,
NCH_BENE_PTB_DDCTBL_AMT,NCH Beneficiary Part B Deductible Amount,NCH_BENE_PTB_DDCTBL_AMT,NCH Beneficiary Part B Deductible Amount,EOB,benefitBalance.financial,,
NCH_BLOOD_PNTS_FRNSHD_QTY,NCH Blood Pints Furnished Quantity,NCH_BLOOD_PNTS_FRNSHD_QTY,NCH Blood Pints Furnished Quantity,EOB,benefitBalance.financial,,
NCH_CARR_CLM_ALOWD_AMT,NCH Carrier Claim Allowed Charge Amount (sum of all line-level allowed charges),NCH_CARR_CLM_ALOWD_AMT,NCH Carrier Claim Allowed Charge Amount,EOB,benefitBalance.financial,,
NCH_CARR_CLM_SBMTD_CHRG_AMT,NCH Carrier Claim Submitted Charge Amount (sum of all line-level submitted charges),NCH_CARR_CLM_SBMTD_CHRG_AMT,NCH Carrier Claim Submitted Charge Amount,EOB,benefitBalance.financial,,
NCH_CLM_BENE_PMT_AMT,NCH Claim Payment Amount to Beneficiary,NCH_CLM_BENE_PMT_AMT,NCH Claim Beneficiary Payment Amount,EOB,benefitBalance.financial,,
NCH_CLM_PRVDR_PMT_AMT,NCH Claim Provider Payment Amount,NCH_CLM_PRVDR_PMT_AMT,NCH Claim Provider Payment Amount,EOB,benefitBalance.financial,,
NCH_CLM_TYPE_CD,NCH Claim Type Code,NCH_CLM_TYPE_CD,NCH Claim Type Code,EOB,type,,
NCH_DRG_OUTLIER_APRVD_PMT_AMT,NCH DRG Outlier Approved Payment Amount,NCH_DRG_OUTLIER_APRVD_PMT_AMT,NCH DRG Outlier Approved Payment Amt,EOB,benefitBalance.financial,,
NCH_IP_NCVRD_CHRG_AMT,NCH Inpatient (or other Part A) Noncovered Charge Amount,NCH_IP_NCVRD_CHRG_AMT,NCH Inpatient Noncovered Charge,EOB,benefitBalance.financial,,
NCH_IP_TOT_DDCTN_AMT,NCH Inpatient (or other Part A) Total Deductible/Coinsurance Amount,NCH_IP_TOT_DDCTN_AMT,NCH Inpatient Total Deduction Amount,EOB,benefitBalance.financial,,
NCH_NEAR_LINE_REC_IDENT_CD,NCH Near Line Record Identification Code (RIC),NCH_NEAR_LINE_REC_IDENT_CD,NCH Near Line Record Identification Code,EOB,extension,,
NCH_PRMRY_PYR_CD,NCH Primary Payer Code (if not Medicare),NCH_PRMRY_PYR_CD,NCH Primary Payer Code,EOB,information,,
NCH_PRMRY_PYR_CLM_PD_AMT,NCH Primary Payer (if not Medicare) Claim Paid Amount,NCH_PRMRY_PYR_CLM_PD_AMT,NCH Primary Payer Claim Paid Amount,EOB,benefitBalance.financial,,
NCH_PROFNL_CMPNT_CHRG_AMT,NCH Professional Component Charge Amount,NCH_PROFNL_CMPNT_CHRG_AMT,NCH Professional Component Charge,EOB,benefitBalance.financial,,
NCH_PTNT_STATUS_IND_CD,NCH Patient  Status Indicator Code,NCH_PTNT_STATUS_IND_CD,NCH Patient Status Indicator Code,EOB,information,,
NCH_QLFYD_STAY_FROM_DT,NCH Qualified Stay From Date,NCH_QLFYD_STAY_FROM_DT,NCH Qualified Stay From Date,EOB,information,,
NCH_QLFYD_STAY_THRU_DT,NCH Qualified Stay Through Date,NCH_QLFYD_STAY_THRU_DT,NCH Qualify Stay Through Date,EOB,information,,
NCH_VRFD_NCVRD_STAY_FROM_DT,NCH Verified Noncovered Stay From Date,NCH_VRFD_NCVRD_STAY_FROM_DT,NCH Verified Noncovered Stay From Date,EOB,information,,
NCH_VRFD_NCVRD_STAY_THRU_DT,NCH Verified Noncovered Stay Through Date,NCH_VRFD_NCVRD_STAY_THRU_DT,NCH Verified Noncovered Stay Through Date,EOB,information,,
NCH_WKLY_PROC_DT,NCH Weekly Claim Processing Date,NCH_WKLY_PROC_DT,NCH Weekly Claim Processing Date,,,,
,,NCVRD_PLAN_PD_AMT,Non-Covered Plan Paid Amount (NPP),Item,adjudication,,
,,NSTD_FRMT_CD,Non-Standard Format Code,EOB,information,,
OP_PHYSN_NPI,Claim Operating Physician NPI Number,OP_PHYSN_NPI,Claim Operating Physician NPI Number,EOB,extension,OPRTG_PRVDR_NPI_NUM,Operating Provider NPI Number
OP_PHYSN_SPCLTY_CD,Claim Operating Physician Specialty Code,,,,,,
OP_PHYSN_UPIN,Claim Operating Physician UPIN Number,OP_PHYSN_UPIN,Claim Operating Physician UPIN Number,,,,
,,,,,,ORDRG_PRVDR_NPI_NUM,Ordering Provider NPI Number
,,,,,,OTHR_PRVDR_NPI_NUM,Other Provider NPI Number 
ORG_NPI_NUM,Organization NPI Number,ORG_NPI_NUM,Organization NPI Number,EOB,organization/facility,FAC_PRVDR_NPI_NUM,Facility Provider NPI Number 
OT_PHYSN_NPI,Claim Other Physician NPI Number,OT_PHYSN_NPI,Claim Other Physician NPI Number,EOB,extension,,
OT_PHYSN_SPCLTY_CD,Claim Other Physician Specialty Code,,,,,,
OT_PHYSN_UPIN,Claim Other Physician UPIN Number,OT_PHYSN_UPIN,Claim Other Physician UPIN Number,,,,
,,,,,,PAYTO_PRVDR_NPI_NUM,Pay-to Provider NPI Number 
,,OTHR_TROOP_AMT,Other TrOOP Amount,Item,adjudication,,
,,,,,,,
,,PD_DT,Paid Date,EOB,payment.date,,
,,PDE_ID,723 PDE ID,EOB,identifier,,
,,PHRMCY_SRVC_TYPE_CD,Pharmacy Service Type Code,EOB,facility/extension,,
,,,,,,CLM_LINE_RX_FILL_NUM,Claim Line Prescription Fill Number
,,,,,,CLM_LINE_RX_SRVC_RFRNC_NUM,Claim Line Prescription Service Reference Number
,,PLAN_CNTRCT_REC_ID,Plan Contract Record ID,Coverage,identifier,,
,,PLAN_PBP_REC_NUM,Plan PBP Record Number,Coverage,identifier,,
,,PLRO_AMT,Patient Liability Reduction Due to Other Payer Amount (PLRO),Item,adjudication,,
PHYSN_ZIP_CD,Line Place of Service (POS) Physician Zip Code,,,,,,
PPS_STD_VAL_PYMT_AMT,Standard Payment Amount,,,,,,
PRCDR_DT1,Claim Procedure Code I Date,PRCDR_DT1,Claim Procedure Code I Date,EOB,procedure.date,,
PRCDR_DT10,Claim Procedure Code X Date,PRCDR_DT10,Claim Procedure Code X Date,EOB,procedure.date,,
PRCDR_DT11,Claim Procedure Code XI Date,PRCDR_DT11,Claim Procedure Code XI Date,EOB,procedure.date,,
PRCDR_DT12,Claim Procedure Code XII Date,PRCDR_DT12,Claim Procedure Code XII Date,EOB,procedure.date,,
PRCDR_DT13,Claim Procedure Code XIII Date,PRCDR_DT13,Claim Procedure Code XIII Date,EOB,procedure.date,,
PRCDR_DT14,Claim Procedure Code XIV Date,PRCDR_DT14,Claim Procedure Code XIV Date,EOB,procedure.date,,
PRCDR_DT15,Claim Procedure Code XV Date,PRCDR_DT15,Claim Procedure Code XV Date,EOB,procedure.date,,
PRCDR_DT16,Claim Procedure Code XVI Date,PRCDR_DT16,Claim Procedure Code XVI Date,EOB,procedure.date,,
PRCDR_DT17,Claim Procedure Code XVII Date,PRCDR_DT17,Claim Procedure Code XVII Date,EOB,procedure.date,,
PRCDR_DT18,Claim Procedure Code XVIII Date,PRCDR_DT18,Claim Procedure Code XVIII Date,EOB,procedure.date,,
PRCDR_DT19,Claim Procedure Code XIX Date,PRCDR_DT19,Claim Procedure Code XIX Date,EOB,procedure.date,,
PRCDR_DT2,Claim Procedure Code II Date,PRCDR_DT2,Claim Procedure Code II Date,EOB,procedure.date,,
PRCDR_DT20,Claim Procedure Code XX Date,PRCDR_DT20,Claim Procedure Code XX Date,EOB,procedure.date,,
PRCDR_DT21,Claim Procedure Code XXI Date,PRCDR_DT21,Claim Procedure Code XXI Date,EOB,procedure.date,,
PRCDR_DT22,Claim Procedure Code XXII Date,PRCDR_DT22,Claim Procedure Code XXII Date,EOB,procedure.date,,
PRCDR_DT23,Claim Procedure Code XXIII Date,PRCDR_DT23,Claim Procedure Code XXIII Date,EOB,procedure.date,,
PRCDR_DT24,Claim Procedure Code XXIV Date,PRCDR_DT24,Claim Procedure Code XXIV Date,EOB,procedure.date,,
PRCDR_DT25,Claim Procedure Code XXV Date,PRCDR_DT25,Claim Procedure Code XXV Date,EOB,procedure.date,,
PRCDR_DT3,Claim Procedure Code III Date,PRCDR_DT3,Claim Procedure Code III Date,EOB,procedure.date,,
PRCDR_DT4,Claim Procedure Code IV Date,PRCDR_DT4,Claim Procedure Code IV Date,EOB,procedure.date,,
PRCDR_DT5,Claim Procedure Code V Date,PRCDR_DT5,Claim Procedure Code V Date,EOB,procedure.date,,
PRCDR_DT6,Claim Procedure Code VI Date,PRCDR_DT6,Claim Procedure Code VI Date,EOB,procedure.date,,
PRCDR_DT7,Claim Procedure CodeVII Date,PRCDR_DT7,Claim Procedure Code VII Date,EOB,procedure.date,,
PRCDR_DT8,Claim Procedure Code VIII Date,PRCDR_DT8,Claim Procedure Code VIII Date,EOB,procedure.date,,
PRCDR_DT9,Claim Procedure Code IX Date,PRCDR_DT9,Claim Procedure Code IX Date,EOB,procedure.date,,
,,PRCNG_EXCPTN_CD,Pricing Exception Code,EOB,information,,
PRF_PHYSN_NPI,Carrier Line Performing NPI Number,PRF_PHYSN_NPI,Carrier Line Performing NPI Number,EOB,careTeam.provider,,
PRF_PHYSN_UPIN,Carrier Line Performing UPIN Number,PRF_PHYSN_UPIN,Carrier Line Performing UPIN Number,,,,
PRNCPAL_DGNS_CD,Claim Principal Diagnosis Code,PRNCPAL_DGNS_CD,Primary Claim Diagnosis Code,EOB,diagnosis.diagnosis,PRNCPL_DGNS_CD,Principal Diagnosis Code 
PRNCPAL_DGNS_VRSN_CD,Claim Principal Diagnosis Version Code,PRNCPAL_DGNS_VRSN_CD,Primary Claim Diagnosis Code Diagnosis Version Code (ICD-9 or ICD-10),EOB,diagnosis.diagnosis,,
,,PROD_SRVC_ID,Product Service ID,Item,service,,
,,PRSCRBR_ID,Prescriber ID,EOB,careTeam.provider,,
,,PRSCRBR_ID_QLFYR_CD,Prescriber ID Qualifier Code,,,,
PRTCPTNG_IND_CD,Line Provider Participating Indicator Code,PRTCPTNG_IND_CD,Line Provider Participating Indicator Code,Item,extension,,
,,,,,,PRVDR_FAC_FIPS_ST_CD,Federal Information Processing Processing Standards (FIPS) State Code
PRVDR_NPI,DMERC Line Item Supplier NPI Number,PRVDR_NPI,DMERC Line Item Supplier NPI Number,Item,careTeam.provider,,
PRVDR_NUM,Provider Number,PRVDR_NUM,Provider Number,EOB,provider,,
,,,,,,PRVDR_OSCAR_NUM,Provider OSCAR Number 
,,,,,,PRVDR_PRSBNG_ID_QLFYR_CD,Provider Prescribing ID Qualifier Code
PRVDR_SPCLTY,Line CMS Provider Specialty Code,PRVDR_SPCLTY,Line HCFA Provider Specialty Code,Item,extension,PRVDR_SRVC_ID_QLFYR_CD,Provider Service Identifier Qualifier Code
PRVDR_STATE_CD,NCH Provider SSA State Code,PRVDR_STATE_CD,NCH Provider State Code,Item,location,,
PRVDR_ZIP,Carrier Line Performing Provider ZIP Code,PRVDR_ZIP,Carrier Line Performing Provider ZIP Code,Item,extension,,
,,,,,,PRVS_HIC_NUM,Previous HIC Number 
,,,,,,PRVS_HICN_EFCTV_DT,Previous HICN Effective Date Previous HICN
,,,,,,PRVS_HICN_OBSLT_DT,Previous HICN Obsolete Date Beneficiary
PTNT_DSCHRG_STUS_CD,Patient Discharge Status Code,PTNT_DSCHRG_STUS_CD,Patient Discharge Status Code,EOB,information,,
,,PTNT_PAY_AMT,Patient Pay Amount,Item,adjudication,,
RC_PTNT_ADD_ON_PYMT_AMT,Revenue Center Patient/Initial Visit Add-On Payment Amount (for initial wellness visit),,,,,,
,,,,,,,
,,PTNT_RSDNC_CD,Patient Residence Code,EOB,information,,
,,QTY_DSPNSD_NUM,Quantity Dispensed,Item,quantity,CLM_LINE_DAYS_SUPLY_QTY,Claim Line Days’ Supply Quantity 
REV_CNTR,Revenue Center Code,REV_CNTR,Revenue Center Code,Item,revenue,CLM_LINE_PROD_REV_CTR_CD,Product Revenue Center Code
REV_CNTR_1ST_ANSI_CD,Revenue Center 1st ANSI Code,REV_CNTR_1ST_ANSI_CD,Revenue Center 1st ANSI Code,Item,adjudication,,
REV_CNTR_1ST_MSP_PD_AMT,Revenue Center 1st Medicare Secondary Payer (MSP) Paid Amount,REV_CNTR_1ST_MSP_PD_AMT,Revenue Center 1st Medicare Secondary Payer Paid Amount,Item,adjudication,,
REV_CNTR_2ND_ANSI_CD,Revenue Center 2nd ANSI Code,REV_CNTR_2ND_ANSI_CD,Revenue Center 2nd ANSI Code,Item,adjudication,,
REV_CNTR_2ND_MSP_PD_AMT,Revenue Center 2nd Medicare Secondary Payer Paid Amount,REV_CNTR_2ND_MSP_PD_AMT,Revenue Center 2nd Medicare Secondary Payer Paid Amount,Item,adjudication,,
REV_CNTR_3RD_ANSI_CD,Revenue Center 3rd ANSI Code,REV_CNTR_3RD_ANSI_CD,Revenue Center 3rd ANSI Code,Item,adjudication,,
REV_CNTR_4TH_ANSI_CD,Revenue Center 4th ANSI Code,REV_CNTR_4TH_ANSI_CD,Revenue Center 4th ANSI Code,Item,adjudication,,
REV_CNTR_APC_HIPPS_CD,Revenue Center APC or HIPPS Code,REV_CNTR_APC_HIPPS_CD,Revenue Center APC/HIPPS,,,,
REV_CNTR_BENE_PMT_AMT,Revenue Center Payment Amount to Beneficiary,REV_CNTR_BENE_PMT_AMT,Revenue Center Beneficiary Payment Amount,Item,adjudication,,
REV_CNTR_BLOOD_DDCTBL_AMT,Revenue Center Blood Deductible Amount,REV_CNTR_BLOOD_DDCTBL_AMT,Revenue Center Blood Deductible Amount,Item,adjudication,,
REV_CNTR_CASH_DDCTBL_AMT,Revenue Center Cash Deductible Amount,REV_CNTR_CASH_DDCTBL_AMT,Revenue Center Cash Deductible Amount,Item,adjudication,,
REV_CNTR_COINSRNC_WGE_ADJSTD_C,Revenue Center Coinsurance/Wage Adjusted Coinsurance Amount,REV_CNTR_COINSRNC_WGE_ADJSTD_C,Revenue Center Coinsurance/Wage Adjusted Coinsurance Amount,Item,adjudication,,
REV_CNTR_DDCTBL_COINSRNC_CD,Revenue Center Deductible Coinsurance Code,REV_CNTR_DDCTBL_COINSRNC_CD,Revenue Center Deductible Coinsurance Code,Item,revenue/extension,,
REV_CNTR_DSCNT_IND_CD,Revenue Center Discount Indicator Code,REV_CNTR_DSCNT_IND_CD,Revenue Center Discount Indicator Code,,,,
REV_CNTR_DT,Revenue Center Date,REV_CNTR_DT,Revenue Center Date,,,CLM_LINE_INSTNL_REV_CTR_DT,Claim Line Institutional Revenue Center Date
REV_CNTR_IDE_NDC_UPC_NUM,"Revenue Center IDE, NDC, or UPC Number",REV_CNTR_IDE_NDC_UPC_NUM,"Revenue Center IDE, NDC, UPC Number",Item,service,,
REV_CNTR_NCVRD_CHRG_AMT,Revenue Center Non-Covered Charge Amount,REV_CNTR_NCVRD_CHRG_AMT,Revenue Center Non-Covered Charge Amount,Item,adjudication,,
,,,,,,CLM_MDCR_NPMT_RSN_CD,Claim Medicare Non-Payment Reason Code
REV_CNTR_NDC_QTY,Revenue Center National Drug Code (NDC) Quantity,REV_CNTR_NDC_QTY,Revenue Center NDC Quantity,Item,quantity,,
REV_CNTR_NDC_QTY_QLFR_CD,Revenue Center NDC Quantity Qualifier Code,REV_CNTR_NDC_QTY_QLFR_CD,Revenue Center NDC Quantity Qualifier Code,Item,modifer,,
REV_CNTR_OTAF_PMT_CD,Revenue Center Obligation to Accept As Full (OTAF) Payment Code,REV_CNTR_OTAF_PMT_CD,Revenue Center Obligation to Accept As Full (OTAF) Payment Code,,,,
REV_CNTR_PACKG_IND_CD,Revenue Center Packaging Indicator Code,REV_CNTR_PACKG_IND_CD,Revenue Center Packaging Indicator Code,,,,
REV_CNTR_PMT_AMT_AMT,Revenue Center (Medicare) Payment Amount,REV_CNTR_PMT_AMT_AMT,Revenue Center Payment Amount Amount,Item,adjudication,,
REV_CNTR_PMT_MTHD_IND_CD,Revenue Center Payment Method Indicator Code,REV_CNTR_PMT_MTHD_IND_CD,Revenue Center Payment Method Indicator Code,,,,
REV_CNTR_PRCNG_IND_CD,Revenue Center Pricing Indicator Code,,,,,,
REV_CNTR_PRVDR_PMT_AMT,Revenue Center (Medicare) Provider Payment Amount,REV_CNTR_PRVDR_PMT_AMT,Revenue Center Provider Payment Amount,Item,adjudication,,
REV_CNTR_PTNT_RSPNSBLTY_PMT,Revenue Center Patient Responsibility Payment Amount,REV_CNTR_PTNT_RSPNSBLTY_PMT,Revenue Center Patient Responsibility Payment,Item,adjudication,,
REV_CNTR_RATE_AMT,Revenue Center Rate Amount,REV_CNTR_RATE_AMT,Revenue Center Rate Amount,Item,adjudication,,
REV_CNTR_RDCD_COINSRNC_AMT,Revenue Center Reduced Coinsurance Amount,REV_CNTR_RDCD_COINSRNC_AMT,Revenue Center Reduced Coinsurance Amount,Item,adjudication,,
,,REV_CNTR_STUS_IND_CD,Revenue Center Status Indicator Code,,,,
REV_CNTR_TOT_CHRG_AMT,Revenue Center Total Charge Amount,REV_CNTR_TOT_CHRG_AMT,Revenue Center Total Charge Amount,Item,adjudication,,
REV_CNTR_UNIT_CNT,Revenue Center Unit Count,REV_CNTR_UNIT_CNT,Revenue Center Unit Count,Item,quantity,,
REVSTIND,Revenue Center Status Indicator Code,,,,,,
RFR_PHYSN_NPI,Claim Referring Physician NPI Number,RFR_PHYSN_NPI,DMERC Claim Refering Physician NPI Number,EOB,referral,,
RFR_PHYSN_SPCLTY_CD,Claim Referring Physician Specialty Code,,,,,,
RFR_PHYSN_UPIN,Carrier/DMERC Claim Referring Physician UPIN Number,RFR_PHYSN_UPIN,DMERC Claim Ordering Physician UPIN Number,,,,
RLT_COND_CD_SEQ,Claim Related Condition Code Sequence,,,,,,
RLT_OCRNC_CD_SEQ,Claim Related Occurrence Code Sequence,,,,,,
RLT_SPAN_CD_SEQ,Claim Related Span Code Sequence,,,,,,
RLT_VAL_CD_SEQ,Claim Related Value Code Sequence,,,,,,
,,,,,,RNDRG_PRVDR_FIPS_ST_CD,Rendering Provider FIPS State Code
RNDRNG_PHYSN_NPI,Claim Rendering Physician NPI Number ,RNDRNG_PHYSN_NPI,Revenue Center Rendering Physician NPI,Item,careTeam.provider,RNDRG_PRVDR_NPI_NUM,Rendering Provider NPI Number
RNDRNG_PHYSN_SPCLTY_CD,Claim Rendering Physician Specialty Code,,,,,,
RNDRNG_PHYSN_UPIN,Revenue Center Rendering Physician UPIN,RNDRNG_PHYSN_UPIN,Revenue Center Rendering Physician UPIN,,,,
,,,,,,RNDRG_PRVDR_TYPE_CD,Rendering Provider Type Code
,,RPTD_GAP_DSCNT_NUM,Gap Discount Amount reported by the Submitting Plan,Item,adjudication,,
RSN_VISIT_CD1,Reason for Visit Diagnosis Code I,RSN_VISIT_CD1,Reason for Visit Diagnosis Code I,EOB,diagnosis.diagnosis,,
RSN_VISIT_CD2,Reason for Visit Diagnosis Code II,RSN_VISIT_CD2,Reason for Visit Diagnosis Code II,EOB,diagnosis.diagnosis,,
RSN_VISIT_CD3,Reason for Visit Diagnosis Code III,RSN_VISIT_CD3,Reason for Visit Diagnosis Code III,EOB,diagnosis.diagnosis,,
,,RSN_VISIT_VRSN_CD1,Reason for Visit Diagnosis Code I Diagnosis Version Code (ICD-9 or ICD-10),EOB,diagnosis.diagnosis,,
,,RSN_VISIT_VRSN_CD2,Reason for Visit Diagnosis Code II Diagnosis Version Code (ICD-9 or ICD-10),EOB,diagnosis.diagnosis,,
,,RSN_VISIT_VRSN_CD3,Reason for Visit Diagnosis Code III Diagnosis Version Code (ICD-9 or ICD-10),EOB,diagnosis.diagnosis,,
,,RX_ORGN_CD,Prescription Origin Code,EOB,information,,
,,RX_SRVC_RFRNC_NUM,RX Service Reference Number,Item,modifier,,
,,SRVC_DT,RX Service Date (DOS),Item,serviced,,
SRVC_LOC_NPI_NUM,Claim Service Location NPI Number,,,,,,
,,SRVC_PRVDR_ID,Service Provider ID,EOB,organization/facility,,
,,SRVC_PRVDR_ID_QLFYR_CD,Service Provider ID Qualifier Code,,,,
,,,,,,CLM_LINE_SRVC_UNIT_QTY,Claim Line Service Unit Quantity
,,STATE_CODE,State Code,Patient,address,,
,,SUBMSN_CLR_CD,Submission Clarification Code,EOB,information,,
TAX_NUM,Line Provider Tax Number,TAX_NUM,Line Provider Tax Number,,,,
THRPY_CAP_IND_CD1,Revenue Center Therapy Cap Indicator 1 Code,,,,,,
THRPY_CAP_IND_CD2,Revenue Center Therapy Cap Indicator 2 Code,,,,,,
THRPY_CAP_IND_CD3,Line Therapy cap Indicator 3 Code,,,,,,
THRPY_CAP_IND_CD4,Line Therapy cap Indicator 4 Code,,,,,,
THRPY_CAP_IND_CD5,Line Therapy cap Indicator 5 Code,,,,,,
,,TOT_RX_CST_AMT,Gross Drug Cost,Item,adjudication,,
TRNSTNL_DRUG_ADD_ON_PYMT_AMT,Transitional Drug Add-On Payment Amount,,,,,,